{
  "experiment": "progressive_bfa",
  "model": "Qwen2.5-0.5B-Instruct",
  "dtype": "bfloat16",
  "bits": [
    7,
    8,
    9
  ],
  "checkpoints": [
    1,
    5,
    10,
    25,
    50
  ],
  "baseline_ppl": 19.0109,
  "seeds": {
    "0": {
      "baseline_ppl": 19.0109,
      "progressive": {
        "1": {
          "ppl": 97.0951,
          "degradation": 5.1073
        },
        "5": {
          "ppl": 519218.4694,
          "degradation": 27311.6196
        },
        "10": {
          "ppl": 181831105149113.56,
          "degradation": 9564571122309.494
        },
        "25": {
          "ppl": 2.2550714397452803e+17,
          "degradation": 1.1861992013767262e+16
        },
        "50": {
          "ppl": 6.936825575817137e+20,
          "degradation": 3.648867531688209e+19
        }
      },
      "random": {
        "1": {
          "ppl": 19.0035,
          "degradation": 0.9996
        },
        "5": {
          "ppl": 19.0068,
          "degradation": 0.9998
        },
        "10": {
          "ppl": 19.018,
          "degradation": 1.0004
        },
        "25": {
          "ppl": 19.005,
          "degradation": 0.9997
        },
        "50": {
          "ppl": 18.9923,
          "degradation": 0.999
        }
      }
    },
    "1": {
      "baseline_ppl": 19.0109,
      "progressive": {
        "1": {
          "ppl": 217.9605,
          "degradation": 11.465
        },
        "5": {
          "ppl": 16809530.8557,
          "degradation": 884204.8959
        },
        "10": {
          "ppl": 675927.023,
          "degradation": 35554.7093
        },
        "25": {
          "ppl": 90733268174228.42,
          "degradation": 4772697146070.329
        },
        "50": {
          "ppl": 2.440803475570696e+19,
          "degradation": 1.2838968568403896e+18
        }
      },
      "random": {
        "1": {
          "ppl": 19.0104,
          "degradation": 1.0
        },
        "5": {
          "ppl": 19.0081,
          "degradation": 0.9999
        },
        "10": {
          "ppl": 19.0043,
          "degradation": 0.9997
        },
        "25": {
          "ppl": 19.0104,
          "degradation": 1.0
        },
        "50": {
          "ppl": 19.0025,
          "degradation": 0.9996
        }
      }
    },
    "2": {
      "baseline_ppl": 19.0109,
      "progressive": {
        "1": {
          "ppl": 20.0007,
          "degradation": 1.0521
        },
        "5": {
          "ppl": 374833813.9954,
          "degradation": 19716784.2656
        },
        "10": {
          "ppl": 1281248349429722.2,
          "degradation": 67395459942965.47
        },
        "25": {
          "ppl": 3.449101436810849e+37,
          "degradation": 1.8142757243533176e+36
        },
        "50": {
          "ppl": 2.8475758208300533e+38,
          "degradation": 1.4978648148325714e+37
        }
      },
      "random": {
        "1": {
          "ppl": 19.0134,
          "degradation": 1.0001
        },
        "5": {
          "ppl": 19.0045,
          "degradation": 0.9997
        },
        "10": {
          "ppl": 19.0012,
          "degradation": 0.9995
        },
        "25": {
          "ppl": 19.0066,
          "degradation": 0.9998
        },
        "50": {
          "ppl": 19.0076,
          "degradation": 0.9998
        }
      }
    }
  }
}